'black_appeal',asian_appeal',hispanic_appeal',LGBTQ+_appeal',Non-annotated imgs,,No name attached to img,
0,0,0,0,,,Non-Democratic candidate,
0,0,0,0,,,Text-based image,
0,0,0,0,,Including text-based images:,% images annotated with 'black_appeal':,7.984420643
0,0,0,0,,,% images annotated with 'asian_appeal':,2.044790652
0,0,0,0,,,% images annotated with 'hispanic_appeal':,2.82375852
0,0,0,0,,,% images annotated with 'LGBTQ+_appeal':,1.168451801
0,0,0,0,,,Total Democratic images annotated:,1027
0,0,0,0,,Excluding text-based images:,% images annotated with 'black_appeal':,9.371293001
0,0,0,0,,,% images annotated with 'asian_appeal':,2.253855279
0,0,0,0,,,% images annotated with 'hispanic_appeal':,2.846975089
0,0,0,0,,,% images annotated with 'LGBTQ+_appeal':,0.9489916963
0,0,0,0,,,Total Democratic images annotated:,843
0,0,0,0,,,,
0,0,0,0,,,,
0,0,0,0,,,,
0,0,0,0,,,,
0,0,0,0,,,,
0,0,0,0,,,,
1,0,0,0,,,,
0,0,0,0,,,,
,,,,,,,
,,,,,,,
,,,,,,,
,,,,,,,
,,,,,,,
,,,,,,,
,,,,,,,
,,,,,,,
,,,,,,,
,,,,,,,
,,,,11,,,
0,0,0,0,,,,
0,0,0,0,,,,
0,0,0,0,,,,
0,0,0,0,,,,
1,0,0,0,,,,
0,0,0,0,,,,
0,0,0,0,,,,
1,0,0,0,,,,
0,0,0,0,,,,
1,0,0,0,,,,
0,0,0,0,,,,
1,0,0,0,,,,
1,0,0,0,,,,
0,0,0,0,,,,
1,0,0,0,,,,
,,,,12,,,
1,0,0,0,,,,
1,0,0,0,,,,
0,0,0,0,,,,
0,0,0,0,,,,
0,0,0,0,,,,
0,0,0,0,,,,
0,0,0,0,,,,
0,0,0,0,,,,
0,0,0,0,,,,
0,0,0,0,,,,
0,0,0,0,,,,
0,0,0,0,,,,
0,0,0,0,,,,
1,0,0,0,,,,
0,0,0,0,,,,
0,0,0,0,,,,
0,0,1,0,,,,
0,0,0,0,,,,
0,0,0,0,,,,
,,,,,,,
,,,,,,,
,,,,,,,
,,,,,,,
,,,,,,,
,,,,,,,
,,,,,,,
,,,,,,,
,,,,,,,
,,,,,,,
,,,,,,,
,,,,,,,
,,,,,,,
,,,,,,,
,,,,,,,
,,,,,,,
,,,,,,,
,,,,,,,
,,,,,,,
,,,,,,,
,,,,,,,
,,,,,,,
,,,,,,,
,,,,,,,
,,,,,,,
,,,,,,,
,,,,,,,
,,,,,,,
,,,,41,,,
0,0,0,0,,,,
1,0,0,0,,,,
0,0,0,0,,,,
0,0,0,0,,,,
0,0,0,0,,,,
0,0,0,0,,,,
0,0,0,0,,,,
,,,,,,,
,,,,,,,
,,,,,,,
,,,,,,,
,,,,,,,
,,,,,,,
,,,,,,,
,,,,,,,
,,,,50,,,
0,0,0,0,,,,
0,0,0,0,,,,
0,0,0,0,,,,
0,0,0,0,,,,
0,0,0,0,,,,
0,0,0,0,,,,
0,0,0,0,,,,
0,0,0,0,,,,
0,0,0,0,,,,
0,0,0,0,,,,
0,0,0,0,,,,
0,0,0,0,,,,
0,0,0,0,,,,
0,0,0,0,,,,
0,0,0,0,,,,
0,0,0,0,,,,
0,0,0,0,,,,
0,0,0,0,,,,
0,0,0,0,,,,
0,0,0,0,,,,
,,,,51,,,
0,0,0,0,,,,
0,0,0,0,,,,
0,0,0,0,,,,
0,0,0,0,,,,
0,0,0,0,,,,
0,0,0,0,,,,
0,0,0,0,,,,
0,0,0,0,,,,
0,0,0,0,,,,
0,0,0,0,,,,
0,0,0,0,,,,
0,0,0,0,,,,
0,0,0,0,,,,
1,0,0,0,,,,
0,0,0,0,,,,
,,,,52,,,
0,0,0,0,,,,
,,,,53,,,
0,0,0,0,,,,
1,0,0,0,,,,
0,0,0,0,,,,
0,0,0,0,,,,
0,0,0,0,,,,
0,0,0,0,,,,
0,0,0,0,,,,
,,,,,,,
,,,,,,,
,,,,,,,
,,,,57,,,
0,0,0,0,,,,
0,0,0,0,,,,
0,0,0,0,,,,
0,0,0,0,,,,
0,0,0,0,,,,
1,0,0,0,,,,
0,0,0,0,,,,
0,0,0,0,,,,
,,,,,,,
,,,,,,,
,,,,,,,
,,,,,,,
,,,,,,,
,,,,,,,
,,,,,,,
,,,,,,,
,,,,66,,,
0,0,0,0,,,,
0,0,0,0,,,,
0,0,0,0,,,,
0,0,1,0,,,,
0,0,0,0,,,,
,,,,,,,
,,,,,,,
,,,,,,,
,,,,,,,
,,,,,,,
,,,,,,,
,,,,,,,
,,,,,,,
,,,,,,,
,,,,76,,,
0,0,0,0,,,,
,,,,,,,
,,,,,,,
,,,,,,,
,,,,,,,
,,,,,,,
,,,,,,,
,,,,,,,
,,,,,,,
,,,,,,,
,,,,,,,
,,,,,,,
,,,,,,,
,,,,,,,
,,,,,,,
,,,,,,,
,,,,,,,
,,,,,,,
,,,,94,,,
0,0,0,0,,,,
0,0,0,0,,,,
,,,,,,,
,,,,96,,,
1,1,0,0,,,,
0,0,0,0,,,,
0,0,0,0,,,,
0,0,0,0,,,,
0,0,0,0,,,,
,,,,,,,
,,,,,,,
,,,,,,,
,,,,,,,
,,,,101,,,
0,0,0,0,,,,
0,0,0,0,,,,
0,0,0,0,,,,
0,0,0,0,,,,
0,0,0,0,,,,
0,0,0,0,,,,
,,,,,,,
,,,,,,,
,,,,,,,
,,,,,,,
,,,,,,,
,,,,107,,,
0,0,0,0,,,,
,,,,,,,
,,,,,,,
,,,,,,,
,,,,,,,
,,,,,,,
,,,,,,,
,,,,,,,
,,,,,,,
,,,,,,,
,,,,,,,
,,,,,,,
,,,,,,,
,,,,,,,
,,,,,,,
,,,,,,,
,,,,,,,
,,,,,,,
,,,,,,,
,,,,,,,
,,,,,,,
,,,,128,,,
0,0,0,0,,,,
0,0,0,0,,,,
,,,,129,,,
0,0,0,0,,,,
0,0,0,0,,,,
0,0,0,0,,,,
0,0,0,0,,,,
1,0,0,0,,,,
0,0,0,0,,,,
0,0,0,0,,,,
0,0,0,0,,,,
0,0,0,0,,,,
0,0,0,0,,,,
,,,,130,,,
0,0,0,0,,,,
,,,,,,,
,,,,132,,,
0,0,0,0,,,,
0,0,0,0,,,,
0,0,0,0,,,,
0,0,0,0,,,,
0,0,0,0,,,,
0,0,0,0,,,,
0,0,0,0,,,,
0,0,0,0,,,,
0,0,0,0,,,,
0,0,0,0,,,,
0,0,0,0,,,,
,,,,,,,
,,,,,,,
,,,,,,,
,,,,,,,
,,,,,,,
,,,,,,,
,,,,,,,
,,,,140,,,
0,0,0,0,,,,
0,0,0,0,,,,
0,0,0,0,,,,
0,0,0,0,,,,
0,0,0,0,,,,
0,0,0,0,,,,
0,0,0,0,,,,
,,,,,,,
,,,,,,,
,,,,,,,
,,,,,,,
,,,,,,,
,,,,,,,
,,,,147,,,
0,0,0,0,,,,
0,0,0,0,,,,
,,,,148,,,
0,0,1,0,,,,
0,0,0,0,,,,
0,0,0,0,,,,
,,,,,,,
,,,,150,,,
0,0,0,0,,,,
,,,,,,,
,,,,,,,
,,,,,,,
,,,,,,,
,,,,,,,
,,,,,,,
,,,,,,,
,,,,158,,,
0,0,0,0,,,,
1,0,0,0,,,,
0,0,0,0,,,,
0,1,0,0,,,,
0,0,0,0,,,,
,,,,159,,,
0,0,0,0,,,,
0,0,0,0,,,,
,,,,,,,
,,,,,,,
,,,,162,,,
1,0,0,0,,,,
1,0,0,0,,,,
,,,,,,,
,,,,,,,
,,,,,,,
,,,,,,,
,,,,,,,
,,,,,,,
,,,,,,,
,,,,,,,
,,,,,,,
,,,,,,,
,,,,,,,
,,,,,,,
,,,,,,,
,,,,,,,
,,,,,,,
,,,,,,,
,,,,,,,
,,,,,,,
,,,,,,,
,,,,,,,
,,,,,,,
,,,,,,,
,,,,,,,
,,,,,,,
,,,,187,,,
0,0,0,0,,,,
0,0,0,0,,,,
0,0,0,0,,,,
0,0,0,0,,,,
,,,,,,,
,,,,,,,
,,,,,,,
,,,,,,,
,,,,,,,
,,,,,,,
,,,,,,,
,,,,,,,
,,,,,,,
,,,,197,,,
0,0,0,0,,,,
0,0,0,0,,,,
0,0,0,0,,,,
,,,,,,,
,,,,,,,
,,,,,,,
,,,,,,,
,,,,,,,
,,,,,,,
,,,,,,,
,,,,205,,,
0,0,1,0,,,,
0,0,0,0,,,,
0,0,0,0,,,,
0,0,0,0,,,,
0,0,0,0,,,,
,,,,,,,
,,,,,,,
,,,,,,,
,,,,,,,
,,,,,,,
,,,,,,,
,,,,,,,
,,,,,,,
,,,,,,,
,,,,,,,
,,,,,,,
,,,,217,,,
0,0,0,0,,,,
1,0,0,0,,,,
0,0,0,0,,,,
0,0,0,0,,,,
0,0,0,0,,,,
0,0,0,0,,,,
0,0,0,0,,,,
0,0,1,0,,,,
0,0,0,0,,,,
0,0,0,0,,,,
0,0,1,1,,,,
0,0,0,0,,,,
0,0,0,0,,,,
0,0,0,0,,,,
0,0,0,0,,,,
1,0,0,0,,,,
0,0,0,0,,,,
0,0,0,0,,,,
0,1,0,0,,,,
,,,,,,,
,,,,,,,
,,,,,,,
,,,,,,,
,,,,,,,
,,,,,,,
,,,,,,,
,,,,,,,
,,,,,,,
,,,,,,,
,,,,,,,
,,,,,,,
,,,,,,,
,,,,,,,
,,,,,,,
,,,,233,,,
0,0,0,0,,,,
0,0,1,0,,,,
,,,,,,,
,,,,,,,
,,,,,,,
,,,,237,,,
1,0,0,0,,,,
0,0,0,0,,,,
0,0,0,0,,,,
1,0,0,0,,,,
0,0,0,0,,,,
0,0,0,0,,,,
,,,,238,,,
0,0,0,0,,,,
0,0,0,0,,,,
0,0,1,0,,,,
0,0,0,0,,,,
0,0,0,0,,,,
0,0,0,0,,,,
0,0,0,0,,,,
0,0,0,0,,,,
0,0,0,0,,,,
0,0,0,0,,,,
0,0,0,0,,,,
0,0,0,0,,,,
,,,,,,,
,,,,,,,
,,,,,,,
,,,,,,,
,,,,243,,,
0,0,0,0,,,,
0,0,0,0,,,,
1,0,1,0,,,,
1,0,0,0,,,,
0,0,0,0,,,,
0,0,0,0,,,,
0,0,1,0,,,,
1,0,0,0,,,,
0,0,0,0,,,,
1,0,0,0,,,,
0,1,0,0,,,,
,,,,244,,,
0,0,0,0,,,,
0,1,0,0,,,,
0,0,0,0,,,,
0,0,0,0,,,,
0,0,0,0,,,,
,,,,,,,
,,,,246,,,
0,0,0,0,,,,
0,0,0,0,,,,
0,0,0,0,,,,
,,,,,,,
,,,,,,,
,,,,,,,
,,,,,,,
,,,,251,,,
0,0,0,0,,,,
0,0,0,0,,,,
,,,,,,,
,,,,,,,
,,,,254,,,
0,0,0,0,,,,
1,0,0,0,,,,
0,0,0,0,,,,
0,0,0,0,,,,
0,0,0,0,,,,
0,0,0,0,,,,
0,0,0,0,,,,
,,,,,,,
,,,,,,,
,,,,,,,
,,,,,,,
,,,,,,,
,,,,,,,
,,,,,,,
,,,,,,,
,,,,,,,
,,,,,,,
,,,,,,,
,,,,,,,
,,,,,,,
,,,,,,,
,,,,,,,
,,,,270,,,
0,0,0,0,,,,
0,0,0,0,,,,
0,0,0,0,,,,
0,0,0,0,,,,
0,0,0,0,,,,
0,0,0,0,,,,
0,0,0,0,,,,
,,,,,,,
,,,,,,,
,,,,273,,,
0,0,0,0,,,,
0,0,0,0,,,,
1,0,0,0,,,,
0,0,0,0,,,,
0,0,0,0,,,,
0,0,0,0,,,,
0,0,0,0,,,,
0,1,0,0,,,,
0,0,0,0,,,,
0,0,0,0,,,,
0,0,0,0,,,,
,,,,,,,
,,,,,,,
,,,,,,,
,,,,,,,
,,,,278,,,
0,0,0,0,,,,
0,0,0,0,,,,
0,0,0,0,,,,
0,0,0,0,,,,
1,0,0,0,,,,
0,0,0,0,,,,
0,0,0,0,,,,
0,1,0,0,,,,
0,0,0,0,,,,
0,0,0,0,,,,
0,0,0,0,,,,
0,0,0,0,,,,
,,,,279,,,
1,0,0,0,,,,
0,0,0,0,,,,
0,0,0,0,,,,
,,,,280,,,
1,0,1,0,,,,
0,0,0,0,,,,
0,0,0,0,,,,
0,0,0,0,,,,
0,0,0,0,,,,
0,0,0,0,,,,
0,0,0,0,,,,
0,0,0,0,,,,
0,0,0,0,,,,
,,,,,,,
,,,,,,,
,,,,,,,
,,,,,,,
,,,,,,,
,,,,,,,
,,,,,,,
,,,,,,,
,,,,,,,
,,,,290,,,
,,,,,,,
,,,,,,,
,,,,,,,
,,,,,,,
,,,,294,,,
0,0,0,0,,,,
0,0,0,0,,,,
0,0,0,0,,,,
,,,,,,,
,,,,,,,
,,,,,,,
,,,,,,,
,,,,,,,
,,,,,,,
,,,,,,,
,,,,,,,
,,,,,,,
,,,,,,,
,,,,,,,
,,,,,,,
,,,,,,,
,,,,,,,
,,,,,,,
,,,,,,,
,,,,,,,
,,,,,,,
,,,,,,,
,,,,,,,
,,,,315,,,
0,0,0,0,,,,
0,0,0,0,,,,
0,0,0,0,,,,
0,0,0,0,,,,
0,0,0,0,,,,
0,0,0,0,,,,
0,0,0,1,,,,
0,0,0,0,,,,
0,0,0,0,,,,
0,1,0,0,,,,
0,0,0,0,,,,
0,0,1,0,,,,
,,,,316,,,
0,0,0,0,,,,
0,0,0,0,,,,
0,0,0,0,,,,
,,,,,,,
,,,,,,,
,,,,,,,
,,,,,,,
,,,,,,,
,,,,,,,
,,,,,,,
,,,,,,,
,,,,,,,
,,,,,,,
,,,,,,,
,,,,,,,
,,,,,,,
,,,,,,,
,,,,,,,
,,,,,,,
,,,,333,,,
0,0,0,0,,,,
,,,,,,,
,,,,,,,
,,,,336,,,
0,0,0,0,,,,
0,0,0,0,,,,
0,0,0,0,,,,
0,0,0,0,,,,
,,,,,,,
,,,,,,,
,,,,,,,
,,,,,,,
,,,,341,,,
1,0,0,0,,,,
0,0,0,0,,,,
0,0,0,0,,,,
0,0,0,0,,,,
,,,,,,,
,,,,343,,,
0,0,0,0,,,,
0,0,0,0,,,,
0,0,0,0,,,,
1,0,0,0,,,,
0,0,0,0,,,,
0,0,0,0,,,,
0,0,0,0,,,,
0,0,0,0,,,,
0,0,0,0,,,,
0,0,0,0,,,,
,,,,,,,
,,,,,,,
,,,,,,,
,,,,,,,
,,,,,,,
,,,,349,,,
0,0,0,0,,,,
0,0,0,0,,,,
0,0,0,0,,,,
1,0,0,0,,,,
0,0,0,0,,,,
0,0,0,0,,,,
0,0,0,0,,,,
,,,,,,,
,,,,351,,,
0,0,1,1,,,,
1,0,0,0,,,,
1,0,0,0,,,,
0,0,0,0,,,,
0,0,1,0,,,,
0,0,0,0,,,,
0,0,0,0,,,,
0,0,0,0,,,,
0,0,0,0,,,,
0,0,0,0,,,,
1,0,0,0,,,,
0,0,0,0,,,,
0,0,0,0,,,,
0,0,0,0,,,,
0,0,0,0,,,,
0,0,0,0,,,,
,,,,,,,
,,,,,,,
,,,,,,,
,,,,,,,
,,,,356,,,
0,0,0,0,,,,
0,0,0,0,,,,
,,,,,,,
,,,,,,,
,,,,,,,
,,,,360,,,
0,0,0,0,,,,
0,0,0,0,,,,
0,0,0,0,,,,
1,0,0,0,,,,
1,0,0,0,,,,
0,0,0,0,,,,
0,0,0,0,,,,
1,0,0,0,,,,
0,0,0,0,,,,
0,0,0,0,,,,
0,0,0,0,,,,
0,0,0,0,,,,
0,0,0,0,,,,
0,0,0,0,,,,
0,0,0,0,,,,
0,0,0,0,,,,
0,0,0,0,,,,
0,0,0,0,,,,
0,0,0,0,,,,
0,0,0,0,,,,
0,0,0,0,,,,
0,0,0,0,,,,
0,0,0,0,,,,
0,0,0,0,,,,
0,0,0,0,,,,
0,0,0,0,,,,
0,0,0,0,,,,
0,0,0,0,,,,
0,0,0,0,,,,
0,0,0,0,,,,
0,0,0,0,,,,
0,0,0,,,,,
0,0,0,0,,,,
0,0,0,0,,,,
0,0,0,0,,,,
1,0,0,0,,,,
0,0,0,0,,,,
0,0,0,0,,,,
0,0,0,0,,,,
1,0,0,0,,,,
0,1,0,0,,,,
0,1,0,0,,,,
0,0,0,0,,,,
0,0,0,0,,,,
0,0,0,0,,,,
,,,,361,,,
0,0,0,0,,,,
,,,,,,,
,,,,,,,
,,,,,,,
,,,,,,,
,,,,,,,
,,,,,,,
,,,,,,,
,,,,,,,
,,,,,,,
,,,,,,,
,,,,,,,
,,,,,,,
,,,,,,,
,,,,,,,
,,,,376,,,
0,0,0,0,,,,
0,0,0,0,,,,
0,0,0,0,,,,
0,0,0,0,,,,
,,,,,,,
,,,,,,,
,,,,,,,
,,,,,,,
,,,,,,,
,,,,,,,
,,,,383,,,
0,0,0,0,,,,
0,0,0,0,,,,
0,0,0,0,,,,
,,,,,,,
,,,,,,,
,,,,386,,,
0,0,0,0,,,,
0,0,0,0,,,,
0,0,0,0,,,,
0,0,0,0,,,,
0,0,0,0,,,,
0,0,0,0,,,,
0,0,0,0,,,,
0,0,0,0,,,,
0,1,0,0,,,,
0,0,0,0,,,,
0,0,0,0,,,,
0,0,0,0,,,,
0,0,0,0,,,,
1,0,0,0,,,,
0,0,0,0,,,,
0,0,0,0,,,,
0,0,0,0,,,,
,,,,387,,,
0,0,0,0,,,,
0,0,0,0,,,,
0,0,0,0,,,,
0,0,0,0,,,,
0,0,0,0,,,,
0,0,0,0,,,,
0,0,0,0,,,,
0,0,0,0,,,,
,,,,,,,
,,,,,,,
,,,,,,,
,,,,,,,
,,,,,,,
,,,,,,,
,,,,,,,
,,,,,,,
,,,,396,,,
0,0,0,0,,,,
0,0,0,0,,,,
0,0,0,0,,,,
0,0,0,0,,,,
,,,,,,,
,,,,,,,
,,,,,,,
,,,,,,,
,,,,,,,
,,,,,,,
,,,,,,,
,,,,,,,
,,,,,,,
,,,,,,,
,,,,,,,
,,,,,,,
,,,,,,,
,,,,,,,
,,,,,,,
,,,,,,,
,,,,,,,
,,,,,,,
,,,,,,,
,,,,,,,
,,,,,,,
,,,,,,,
,,,,,,,
,,,,,,,
,,,,,,,
,,,,422,,,
0,0,0,0,,,,
0,0,0,0,,,,
0,0,0,0,,,,
0,0,0,0,,,,
0,0,1,0,,,,
0,0,0,0,,,,
0,0,0,0,,,,
,,,,423,,,
0,0,0,0,,,,
0,0,0,0,,,,
0,0,0,0,,,,
0,0,0,0,,,,
0,0,0,0,,,,
0,0,1,0,,,,
,,,,,,,
,,,,,,,
,,,,,,,
,,,,427,,,
0,0,0,0,,,,
0,0,0,0,,,,
0,0,0,0,,,,
0,0,0,0,,,,
0,0,0,0,,,,
0,0,0,0,,,,
0,0,0,0,,,,
0,0,0,0,,,,
0,0,0,0,,,,
0,0,0,0,,,,
0,0,0,0,,,,
,,,,,,,
,,,,429,,,
0,0,0,0,,,,
0,0,0,0,,,,
0,0,0,0,,,,
0,0,0,0,,,,
0,0,0,0,,,,
0,0,0,0,,,,
0,0,0,0,,,,
,,,,430,,,
0,0,0,0,,,,
0,0,0,0,,,,
,,,,,,,
,,,,,,,
,,,,,,,
,,,,,,,
,,,,,,,
,,,,,,,
,,,,,,,
,,,,,,,
,,,,,,,
,,,,,,,
,,,,,,,
,,,,,,,
,,,,443,,,
0,0,0,0,,,,
0,0,0,0,,,,
0,0,0,0,,,,
,,,,,,,
,,,,,,,
,,,,,,,
,,,,447,,,
0,0,0,0,,,,
0,0,0,0,,,,
0,0,0,0,,,,
0,0,0,0,,,,
,,,,,,,
,,,,,,,
,,,,,,,
,,,,,,,
,,,,,,,
,,,,,,,
,,,,454,,,
0,0,0,0,,,,
0,0,0,0,,,,
0,0,0,0,,,,
0,0,0,0,,,,
0,0,0,0,,,,
0,0,0,0,,,,
0,0,0,0,,,,
0,0,0,0,,,,
0,0,0,0,,,,
0,0,0,0,,,,
,,,,,,,
,,,,,,,
,,,,,,,
,,,,,,,
,,,,,,,
,,,,,,,
,,,,,,,
,,,,,,,
,,,,,,,
,,,,464,,,
0,0,0,0,,,,
0,0,0,0,,,,
0,0,0,0,,,,
0,0,0,0,,,,
0,0,0,0,,,,
0,0,0,0,,,,
0,0,0,0,,,,
0,0,0,0,,,,
0,0,0,0,,,,
0,0,0,0,,,,
0,0,0,0,,,,
0,0,0,0,,,,
0,0,0,0,,,,
0,0,0,0,,,,
0,0,0,0,,,,
0,0,0,0,,,,
0,0,0,0,,,,
0,0,0,0,,,,
0,0,0,0,,,,
,,,,,,,
,,,,466,,,
0,0,0,0,,,,
0,0,0,0,,,,
0,0,0,0,,,,
0,0,0,0,,,,
0,0,0,0,,,,
0,0,0,0,,,,
0,0,0,0,,,,
,,,,,,,
,,,,,,,
,,,,469,,,
0,0,0,0,,,,
0,0,0,0,,,,
0,0,0,0,,,,
0,0,0,0,,,,
0,0,0,0,,,,
,,,,,,,
,,,,471,,,
0,0,0,0,,,,
0,0,0,0,,,,
0,0,0,0,,,,
,,,,,,,
,,,,,,,
,,,,,,,
,,,,,,,
,,,,,,,
,,,,,,,
,,,,,,,
,,,,,,,
,,,,,,,
,,,,,,,
,,,,,,,
,,,,,,,
,,,,,,,
,,,,,,,
,,,,,,,
,,,,,,,
,,,,,,,
,,,,489,,,
0,0,0,0,,,,
0,0,0,0,,,,
0,0,0,0,,,,
0,0,0,1,,,,
0,0,0,0,,,,
0,0,0,0,,,,
0,0,0,0,,,,
0,0,0,0,,,,
1,0,0,0,,,,
0,0,0,0,,,,
1,0,0,0,,,,
,,,,,,,
,,,,,,,
,,,,,,,
,,,,,,,
,,,,,,,
,,,,,,,
,,,,,,,
,,,,,,,
,,,,,,,
,,,,,,,
,,,,,,,
,,,,,,,
,,,,,,,
,,,,,,,
,,,,,,,
,,,,,,,
,,,,,,,
,,,,,,,
,,,,,,,
,,,,,,,
,,,,,,,
,,,,,,,
,,,,,,,
,,,,,,,
,,,,,,,
,,,,,,,
,,,,,,,
,,,,,,,
,,,,,,,
,,,,,,,
,,,,,,,
,,,,,,,
,,,,,,,
,,,,,,,
,,,,,,,
,,,,,,,
,,,,,,,
,,,,,,,
,,,,528,,,
0,0,1,0,,,,
0,0,0,0,,,,
0,0,0,0,,,,
0,0,0,0,,,,
0,0,0,0, ,,,
0,0,0,0,,,,
0,0,0,1,,,,
0,0,0,0,,,,
1,0,0,0,,,,
0,0,0,0,,,,
0,0,0,0,,,,
0,0,0,0,,,,
0,0,0,0,,,,
0,0,0,0,,,,
0,0,0,0,,,,
0,0,0,0,,,,
,,,,,,,
,,,,530,,,
0,0,0,0,,,,
0,0,0,1,,,,
0,0,0,0,,,,
0,0,0,0,,,,
0,0,0,0,,,,
0,0,0,0,,,,
0,0,0,0,,,,
0,0,0,0,,,,
,,,,,,,
,,,,,,,
,,,,,,,
,,,,,,,
,,,,,,,
,,,,,,,
,,,,,,,
,,,,,,,
,,,,,,,
,,,,540,,,
0,0,0,0,,,,
0,0,0,0,,,,
0,0,0,0,,,,
0,0,0,0,,,,
0,0,0,0,,,,
0,0,0,0,,,,
0,0,0,0,,,,
0,0,0,0,,,,
,,,,,,,
,,,,,,,
,,,,,,,
,,,,,,,
,,,,,,,
,,,,,,,
,,,,,,,
,,,,,,,
,,,,,,,
,,,,,,,
,,,,,,,
,,,,,,,
,,,,,,,
,,,,,,,
,,,,,,,
,,,,,,,
,,,,,,,
,,,,,,,
,,,,,,,
,,,,,,,
,,,,,,,
,,,,562,,,
0,0,0,0,,,,
1,0,0,0,,,,
0,0,0,0,,,,
0,0,0,0,,,,
0,0,0,0,,,,
0,0,0,0,,,,
,,,,,,,
,,,,564,,,
0,0,0,0,,,,
0,0,0,0,,,,
0,0,0,0,,,,
0,0,0,0,,,,
0,0,0,0,,,,
0,0,0,0,,,,
,,,,,,,
,,,,,,,
,,,,,,,
,,,,568,,,
0,0,0,0,,,,
,,,,,,,
,,,,,,,
,,,,,,,
,,,,,,,
,,,,,,,
,,,,,,,
,,,,,,,
,,,,,,,
,,,,,,,
,,,,,,,
,,,,,,,
,,,,,,,
,,,,,,,
,,,,,,,
,,,,,,,
,,,,,,,
,,,,,,,
,,,,,,,
,,,,,,,
,,,,,,,
,,,,,,,
,,,,,,,
,,,,,,,
,,,,,,,
,,,,,,,
,,,,,,,
,,,,,,,
,,,,,,,
,,,,,,,
,,,,,,,
,,,,,,,
,,,,,,,
,,,,,,,
,,,,602,,,
0,0,0,0,,,,
0,0,0,0,,,,
0,0,0,0,,,,
0,0,0,0,,,,
0,0,0,0,,,,
0,0,0,0,,,,
,,,,,,,
,,,,,,,
,,,,,,,
,,,,606,,,
0,0,0,0,,,,
0,0,0,0,,,,
,,,,,,,
,,,,,,,
,,,,,,,
,,,,610,,,
0,0,0,0,,,,
0,0,0,0,,,,
0,0,0,0,,,,
0,0,0,0,,,,
0,0,0,0,,,,
0,0,0,0,,,,
0,0,0,0,,,,
0,0,0,0,,,,
,,,,,,,
,,,,612,,,
0,0,0,0,,,,
0,0,0,0,,,,
0,0,0,0,,,,
0,0,0,0,,,,
0,1,0,0,,,,
0,0,0,0,,,,
0,0,0,0,,,,
1,1,0,0,,,,
1,0,0,0,,,,
0,0,0,0,,,,
,,,,,,,
,,,,,,,
,,,,,,,
,,,,,,,
,,,,617,,,
0,0,0,0,,,,
0,0,0,0,,,,
0,0,0,0,,,,
0,0,0,0,,,,
0,0,0,0,,,,
0,0,0,0,,,,
0,0,1,0,,,,
0,0,0,0,,,,
,,,,618,,,
0,0,0,0,,,,
0,0,0,0,,,,
0,0,0,0,,,,
0,0,0,0,,,,
0,0,0,0,,,,
0,0,0,0,,,,
0,0,0,0,,,,
0,0,0,0,,,,
0,0,0,0,,,,
0,0,0,0,,,,
0,0,0,0,,,,
0,0,1,0,,,,
0,0,0,0,,,,
0,0,0,0,,,,
0,0,1,0,,,,
0,0,0,0,,,,
0,0,0,0,,,,
,,,,619,,,
0,0,0,0,,,,
0,0,0,0,,,,
0,0,0,0,,,,
0,0,0,0,,,,
1,0,0,0,,,,
0,0,0,0,,,,
,,,,,,,
,,,,,,,
,,,,,,,
,,,,,,,
,,,,624,,,
0,0,0,0,,,,
0,0,0,0,,,,
1,0,0,0,,,,
0,0,0,0,,,,
0,0,0,0,,,,
1,0,0,0,,,,
0,0,0,0,,,,
0,0,1,0,,,,
0,0,0,0,,,,
0,0,0,0,,,,
0,0,0,0,,,,
0,0,0,0,,,,
0,0,0,0,,,,
0,0,0,0,,,,
1,0,0,0,,,,
1,0,0,0,,,,
0,0,0,0,,,,
0,0,0,0,,,,
0,0,0,0,,,,
0,0,0,0,,,,
0,0,0,0,,,,
,,,,,,,
,,,,,,,
,,,,,,,
,,,,,,,
,,,,,,,
,,,,,,,
,,,,,,,
,,,,632,,,
0,0,0,0,,,,
0,0,0,0,,,,
0,0,0,0,,,,
1,1,0,0,,,,
,,,,,,,
,,,,,,,
,,,,,,,
,,,,,,,
,,,,,,,
,,,,,,,
,,,,,,,
,,,,640,,,
0,0,0,0,,,,
0,0,0,0,,,,
0,0,0,0,,,,
0,0,0,0,,,,
0,0,0,0,,,,
,,,,,,,
,,,,,,,
,,,,,,,
,,,,,,,
,,,,,,,
,,,,646,,,
0,0,0,0,,,,
0,0,0,0,,,,
0,0,0,0,,,,
0,0,0,0,,,,
0,0,0,0,,,,
0,0,0,0,,,,
0,1,0,0,,,,
0,0,0,0,,,,
0,0,0,0,,,,
0,0,0,0,,,,
0,0,0,0,,,,
0,0,0,0,,,,
,,,,,,,
,,,,,,,
,,,,,,,
,,,,,,,
,,,,,,,
,,,,,,,
,,,,653,,,
0,0,0,0,,,,
,,,,,,,
,,,,655,,,
0,0,0,0,,,,
0,0,0,0,,,,
,,,,,,,
,,,,,,,
,,,,,,,
,,,,,,,
,,,,,,,
,,,,,,,
,,,,,,,
,,,,,,,
,,,,,,,
,,,,,,,
,,,,,,,
,,,,,,,
,,,,,,,
,,,,669,,,
0,0,0,0,,,,
,,,,670,,,
0,0,0,0,,,,
0,0,0,0,,,,
0,0,0,0,,,,
0,0,0,0,,,,
0,0,0,0,,,,
0,0,0,0,,,,
0,0,0,0,,,,
0,0,0,0,,,,
0,0,0,0,,,,
0,0,0,0,,,,
,,,,,,,
,,,,672,,,
0,0,0,0,,,,
0,0,0,0,,,,
0,0,0,0,,,,
0,0,0,0,,,,
,,,,,,,
,,,,,,,
,,,,,,,
,,,,,,,
,,,,,,,
,,,,,,,
,,,,,,,
,,,,680,,,
0,0,0,0,,,,
0,0,0,0,,,,
0,0,0,0,,,,
0,0,0,0,,,,
,,,,,,,
,,,,,,,
,,,,,,,
,,,,,,,
,,,,,,,
,,,,,,,
,,,,,,,
,,,,,,,
,,,,,,,
,,,,,,,
,,,,,,,
,,,,,,,
,,,,693,,,
0,0,0,0,,,,
0,0,0,0,,,,
0,0,0,0,,,,
0,0,1,0,,,,
0,0,0,0,,,,
0,0,0,0,,,,
,,,,,,,
,,,,,,,
,,,,,,,
,,,,,,,
,,,,,,,
,,,,,,,
,,,,,,,
,,,,,,,
,,,,,,,
,,,,,,,
,,,,,,,
,,,,,,,
,,,,,,,
,,,,,,,
,,,,,,,
,,,,,,,
,,,,,,,
,,,,,,,
,,,,,,,
,,,,,,,
,,,,,,,
,,,,,,,
,,,,,,,
,,,,717,,,
0,0,0,0,,,,
0,0,1,0,,,,
0,0,0,0,,,,
0,0,0,0,,,,
0,0,0,0,,,,
0,0,0,0,,,,
0,0,0,0,,,,
0,0,0,0,,,,
0,0,0,0,,,,
0,1,0,0,,,,
0,0,0,0,,,,
0,0,0,0,,,,
0,0,0,1,,,,
0,0,0,0,,,,
0,0,0,0,,,,
0,0,0,0,,,,
0,0,0,0,,,,
0,0,0,0,,,,
0,0,0,0,,,,
,,,,,,,
,,,,,,,
,,,,,,,
,,,,,,,
,,,,722,,,
0,0,0,0,,,,
0,0,0,0,,,,
0,0,0,0,,,,
0,0,0,0,,,,
0,0,0,0,,,,
1,0,0,0,,,,
1,0,0,0,,,,
0,0,0,0,,,,
,,,,,,,
,,,,724,,,
0,0,0,0,,,,
0,0,0,0,,,,
0,0,0,0,,,,
0,0,0,0,,,,
0,0,0,0,,,,
0,0,0,0,,,,
0,0,0,0,,,,
0,0,0,0,,,,
0,1,0,0,,,,
0,0,0,0,,,,
0,0,0,0,,,,
0,0,0,0,,,,
0,0,0,0,,,,
0,0,0,0,,,,
0,0,0,0,,,,
0,0,0,0,,,,
0,0,0,0,,,,
0,0,0,0,,,,
0,0,0,0,,,,
0,0,0,0,,,,
0,0,0,0,,,,
0,0,0,0,,,,
0,0,0,0,,,,
0,0,0,0,,,,
0,0,0,0,,,,
0,0,0,0,,,,
0,0,0,0,,,,
0,0,0,0,,,,
0,0,0,0,,,,
0,0,0,0,,,,
0,0,0,0,,,,
,,,,,,,
,,,,726,,,
0,0,0,0,,,,
0,0,0,0,,,,
0,0,0,0,,,,
,,,,727,,,
0,0,0,0,,,,
0,0,0,0,,,,
,,,,,,,
,,,,,,,
,,,,730,,,
0,0,0,0,,,,
0,0,0,0,,,,
,,,,,,,
,,,,,,,
,,,,,,,
,,,,,,,
,,,,,,,
,,,,,,,
,,,,737,,,
0,0,0,0,,,,
0,0,0,0,,,,
1,0,0,0,,,,
0,0,0,0,,,,
,,,,,,,
,,,,,,,
,,,,,,,
,,,,,,,
,,,,742,,,
0,0,0,0,,,,
0,0,0,0,,,,
0,0,0,0,,,,
0,0,0,0,,,,
0,0,0,0,,,,
0,0,0,0,,,,
0,0,0,0,,,,
0,0,0,0,,,,
0,0,0,0,,,,
0,0,0,0,,,,
0,0,0,0,,,,
0,0,0,0,,,,
1,0,0,0,,,,
,,,,,,,
,,,,744,,,
0,0,0,0,,,,
,,,,,,,
,,,,,,,
,,,,747,,,
0,0,0,0,,,,
0,0,0,0,,,,
0,0,0,0,,,,
0,0,0,0,,,,
0,0,0,0,,,,
0,0,0,0,,,,
1,0,0,0,,,,
0,0,0,0,,,,
0,0,0,0,,,,
,,,,,,,
,,,,,,,
,,,,,,,
,,,,751,,,
0,0,0,0,,,,
0,0,0,0,,,,
1,0,0,0,,,,
1,0,0,0,,,,
0,0,0,0,,,,
0,0,0,0,,,,
0,0,0,0,,,,
,,,,,,,
,,,,,,,
,,,,,,,
,,,,,,,
,,,,756,,,
0,0,0,0,,,,
0,0,0,0,,,,
,,,,,,,
,,,,,,,
,,,,,,,
,,,,,,,
,,,,,,,
,,,,,,,
,,,,763,,,
0,0,0,0,,,,
0,0,0,0,,,,
0,0,0,0,,,,
1,0,0,0,,,,
0,0,0,0,,,,
0,0,0,0,,,,
0,0,0,0,,,,
,,,,,,,
,,,,,,,
,,,,,,,
,,,,,,,
,,,,,,,
,,,,,,,
,,,,,,,
,,,,,,,
,,,,,,,
,,,,,,,
,,,,,,,
,,,,775,,,
0,0,0,0,,,,
0,0,0,0,,,,
0,0,0,0,,,,
0,0,0,0,,,,
0,0,0,0,,,,
0,0,0,0,,,,
0,0,0,0,,,,
0,0,0,0,,,,
0,0,0,0,,,,
,,,,,,,
,,,,,,,
,,,,778,,,
0,0,0,0,,,,
0,0,0,0,,,,
0,0,0,0,,,,
0,0,0,0,,,,
,,,,,,,
,,,,,,,
,,,,,,,
,,,,,,,
,,,,,,,
,,,,784,,,
0,0,0,0,,,,
,,,,,,,
,,,,,,,
,,,,,,,
,,,,,,,
,,,,,,,
,,,,,,,
,,,,,,,
,,,,792,,,
0,0,0,0,,,,
1,0,0,0,,,,
0,0,0,0,,,,
0,0,0,0,,,,
0,0,0,0,,,,
0,0,0,0,,,,
0,0,0,0,,,,
0,0,0,0,,,,
0,0,0,1,,,,
0,0,0,0,,,,
0,0,0,0,,,,
1,0,0,0,,,,
0,0,0,0,,,,
0,0,0,0,,,,
,,,,,,,
,,,,,,,
,,,,,,,
,,,,,,,
,,,,,,,
,,,,,,,
,,,,,,,
,,,,,,,
,,,,,,,
,,,,,,,
,,,,803,,,
0,0,0,0,,,,
0,0,0,0,,,,
0,0,0,0,,,,
0,0,0,0,,,,
1,0,0,0,,,,
,,,,,,,
,,,,,,,
,,,,,,,
,,,,,,,
,,,,,,,
,,,,,,,
,,,,,,,
,,,,811,,,
0,0,0,0,,,,
0,0,0,0,,,,
,,,,,,,
,,,,,,,
,,,,814,,,
0,0,0,0,,,,
0,0,0,0,,,,
,,,,,,,
,,,,,,,
,,,,,,,
,,,,,,,
,,,,,,,
,,,,,,,
,,,,,,,
,,,,,,,
,,,,823,,,
0,0,0,0,,,,
0,0,0,0,,,,
0,0,0,0,,,,
,,,,824,,,
1,0,0,0,,,,
0,0,0,0,,,,
0,0,0,0,,,,
,,,,,,,
,,,,826,,,
0,0,0,0,,,,
0,0,0,0,,,,
,,,,,,,
,,,,,,,
,,,,,,,
,,,,,,,
,,,,,,,
,,,,,,,
,,,,,,,
,,,,,,,
,,,,835,,,
0,0,0,0,,,,
0,0,0,0,,,,
0,0,0,0,,,,
,,,,,,,
,,,,,,,
,,,,838,,,
0,0,0,0,,,,
0,0,0,0,,,,
0,0,0,0,,,,
0,0,1,0,,,,
0,0,0,1,,,,
0,0,0,0,,,,
0,0,0,0,,,,
0,0,0,0,,,,
0,0,0,0,,,,
,,,,,,,
,,,,840,,,
0,0,0,0,,,,
0,0,0,0,,,,
1,0,0,0,,,,
0,0,0,0,,,,
0,0,0,0,,,,
0,0,0,0,,,,
0,0,0,0,,,,
0,0,1,0,,,,
0,0,1,0,,,,
0,0,0,1,,,,
1,0,0,0,,,,
0,0,0,0,,,,
0,0,0,0,,,,
0,0,0,0,,,,
0,0,0,0,,,,
0,0,0,0,,,,
0,0,0,0,,,,
0,0,0,0,,,,
0,0,0,0,,,,
,,,,,,,
,,,,,,,
,,,,,,,
,,,,,,,
,,,,,,,
,,,,,,,
,,,,,,,
,,,,,,,
,,,,,,,
,,,,,,,
,,,,,,,
,,,,,,,
,,,,,,,
,,,,,,,
,,,,,,,
,,,,,,,
,,,,,,,
,,,,,,,
,,,,,,,
,,,,,,,
,,,,,,,
,,,,,,,
,,,,,,,
,,,,,,,
,,,,865,,,
0,0,0,0,,,,
0,0,0,0,,,,
0,0,0,0,,,,
0,0,0,0,,,,
0,0,0,0,,,,
0,0,0,0,,,,
0,0,0,0,,,,
0,0,0,0,,,,
,,,,,,,
,,,,,,,
,,,,,,,
,,,,,,,
,,,,,,,
,,,,,,,
,,,,,,,
,,,,,,,
,,,,874,,,
0,0,0,0,,,,
0,0,0,0,,,,
0,0,0,0,,,,
0,0,0,0,,,,
,,,,,,,
,,,,,,,
,,,,877,,,
0,0,0,0,,,,
0,0,0,0,,,,
1,0,0,0,,,,
0,1,0,1,,,,
0,0,0,0,,,,
0,0,0,0,,,,
0,0,0,0,,,,
0,0,0,0,,,,
0,0,0,0,,,,
0,0,0,0,,,,
0,0,0,0,,,,
0,0,1,0,,,,
0,0,0,0,,,,
0,0,0,0,,,,
0,0,0,0,,,,
1,0,0,0,,,,
1,0,0,0,,,,
0,0,0,0,,,,
0,0,0,0,,,,
0,0,0,0,,,,
0,0,0,0,,,,
0,0,0,0,,,,
1,0,0,0,,,,
0,0,0,0,,,,
1,0,0,0,,,,
0,0,0,0,,,,
0,0,0,0,,,,
0,1,0,0,,,,
0,0,0,0,,,,
0,0,0,0,,,,
0,0,0,0,,,,
0,0,0,0,,,,
0,0,0,0,,,,
0,0,0,0,,,,
0,0,0,0,,,,
,,,,,,,
,,,,,,,
,,,,,,,
,,,,,,,
,,,,,,,
,,,,,,,
,,,,,,,
,,,,,,,
,,,,886,,,
1,0,0,0,,,,
0,0,0,0,,,,
0,0,0,0,,,,
,,,,,,,
,,,,888,,,
0,0,0,0,,,,
0,0,0,0,,,,
0,0,0,0,,,,
0,0,0,0,,,,
0,0,0,0,,,,
1,0,0,0,,,,
0,0,0,0,,,,
0,0,0,0,,,,
0,0,0,0,,,,
0,0,0,0,,,,
,,,,,,,
,,,,,,,
,,,,,,,
,,,,892,,,
0,0,0,0,,,,
0,0,0,0,,,,
0,0,0,0,,,,
,,,,,,,
,,,,,,,
,,,,,,,
,,,,,,,
,,,,,,,
,,,,,,,
,,,,,,,
,,,,,,,
,,,,,,,
,,,,902,,,
0,0,0,0,,,,
0,0,0,0,,,,
0,0,0,0,,,,
0,0,0,0,,,,
0,0,1,0,,,,
0,0,0,0,,,,
0,0,0,0,,,,
0,0,0,0,,,,
0,0,0,0,,,,
0,0,1,0,,,,
,,,,903,,,
0,0,0,0,,,,
1,0,0,0,,,,
0,0,0,0,,,,
0,0,0,0,,,,
1,0,0,0,,,,
0,0,0,0,,,,
0,0,0,0,,,,
,,,,904,,,
0,0,0,0,,,,
0,0,0,0,,,,
0,0,0,0,,,,
0,0,0,0,,,,
0,0,0,0,,,,
0,0,0,0,,,,
,,,,,,,
,,,,,,,
,,,,,,,
,,,,,,,
,,,,,,,
,,,,,,,
,,,,,,,
,,,,,,,
,,,,,,,
,,,,914,,,
0,0,0,0,,,,
0,0,0,0,,,,
0,0,0,0,,,,
0,0,0,0,,,,
0,0,0,0,,,,
0,0,0,0,,,,
0,1,0,0,,,,
0,0,0,0,,,,
0,0,0,0,,,,
0,0,0,0,,,,
0,0,0,0,,,,
,,,,,,,
,,,,,,,
,,,,,,,
,,,,,,,
,,,,919,,,
0,0,0,0,,,,
0,0,0,0,,,,
1,0,0,0,,,,
,,,,920,,,
0,0,0,0,,,,
0,0,0,0,,,,
0,0,0,1,,,,
0,0,0,0,,,,
,,,,,,,
,,,,,,,
,,,,,,,
,,,,,,,
,,,,,,,
,,,,,,,
,,,,,,,
,,,,,,,
,,,,,,,
,,,,,,,
,,,,931,,,
0,1,0,0,,,,
0,0,0,0,,,,
0,0,0,0,,,,
0,0,0,0,,,,
0,0,0,0,,,,
0,0,0,0,,,,
1,0,0,0,,,,
0,0,0,0,,,,
0,0,0,0,,,,
0,0,0,0,,,,
0,0,0,0,,,,
0,0,0,0,,,,
0,0,0,0,,,,
0,0,0,0,,,,
,,,,,,,
,,,,,,,
,,,,,,,
,,,,,,,
,,,,,,,
,,,,,,,
,,,,,,,
,,,,,,,
,,,,,,,
,,,,,,,
,,,,,,,
,,,,,,,
,,,,,,,
,,,,,,,
,,,,,,,
,,,,,,,
,,,,,,,
,,,,,,,
,,,,,,,
,,,,,,,
,,,,,,,
,,,,953,,,
1,0,0,0,,,,
0,0,0,0,,,,
0,0,0,0,,,,
0,0,0,0,,,,
0,0,0,0,,,,
0,0,0,0,,,,
0,0,0,0,,,,
0,0,0,0,,,,
0,0,0,0,,,,
0,0,0,0,,,,
0,0,0,0,,,,
0,0,0,0,,,,
,,,,,,,
,,,,,,,
,,,,,,,
,,,,,,,
,,,,,,,
,,,,,,,
,,,,960,,,
0,0,0,0,,,,
0,0,0,0,,,,
,,,,,,,
,,,,,,,
,,,,,,,
,,,,,,,
,,,,,,,
,,,,,,,
,,,,,,,
,,,,,,,
,,,,,,,
,,,,,,,
,,,,,,,
,,,,,,,
,,,,973,,,